task,panel,method,n,RUL_MAE,RUL_RMSE,track_MAE,track_RMSE
Task 1,Hu pH 7 | KCuHCF,SPI+CBU (ours),9,6.103,6.955,9.756,20.274
Task 1,Hu pH 7 | KCuHCF,SPI+TBU,9,40.613,50.05,14.901,21.607
Task 1,Hu pH 7 | KCuHCF,Lin,9,31.357,38.548,18.773,23.751
Task 1,Hu pH 7 | KCuHCF,Log-Bayes,9,62.54,64.313,14.995,16.975
Task 1,Hu pH 7 | KCuHCF,Wiener,9,40.889,50.526,12.091,12.438
Task 1,Hu pH 7 | KCuHCF,Weibull,9,40.889,50.526,15.086,15.224
Task 1,Hu pH 7 | KFeHCF,SPI+CBU (ours),9,7.311,7.993,2.753,3.882
Task 1,Hu pH 7 | KFeHCF,SPI+TBU,9,14.327,17.367,3.199,4.608
Task 1,Hu pH 7 | KFeHCF,Lin,9,25.833,30.207,13.323,15.152
Task 1,Hu pH 7 | KFeHCF,Log-Bayes,9,22.911,24.235,4.472,4.803
Task 1,Hu pH 7 | KFeHCF,Wiener,9,38.252,46.416,9.396,9.887
Task 1,Hu pH 7 | KFeHCF,Weibull,9,37.149,44.746,9.755,10.613
Task 1,Hu pH 7 | KMnHCF,SPI+CBU (ours),9,5.637,6.126,3.081,4.743
Task 1,Hu pH 7 | KMnHCF,SPI+TBU,6,45.154,55.129,5.849,6.536
Task 1,Hu pH 7 | KMnHCF,Lin,9,31.878,38.181,8.308,8.87
Task 1,Hu pH 7 | KMnHCF,Log-Bayes,9,47.289,51.827,7.529,8.332
Task 1,Hu pH 7 | KMnHCF,Wiener,9,40.713,50.221,6.086,6.504
Task 1,Hu pH 7 | KMnHCF,Weibull,9,40.739,50.267,8.422,8.903
Task 1,Hu pH 7 | KNiHCF,SPI+CBU (ours),9,1.528,1.883,4.003,10.383
Task 1,Hu pH 7 | KNiHCF,SPI+TBU,9,9.234,10.542,4.204,10.41
Task 1,Hu pH 7 | KNiHCF,Lin,9,5.443,5.85,4.422,10.907
Task 1,Hu pH 7 | KNiHCF,Log-Bayes,6,646.241,872.62,6.623,7.241
Task 1,Hu pH 7 | KNiHCF,Wiener,9,9.898,13.687,0.574,0.707
Task 1,Hu pH 7 | KNiHCF,Weibull,9,16.014,21.372,1.731,1.883
Task 1,Hu pH 7 | NaCoHCF,SPI+CBU (ours),9,8.689,9.307,6.227,10.605
Task 1,Hu pH 7 | NaCoHCF,SPI+TBU,9,29.173,34.51,7.864,11.505
Task 1,Hu pH 7 | NaCoHCF,Lin,9,27.534,32.364,14.108,15.349
Task 1,Hu pH 7 | NaCoHCF,Log-Bayes,9,167.141,422.594,8.6,11.718
Task 1,Hu pH 7 | NaCoHCF,Wiener,9,35.879,43.214,7.923,8.504
Task 1,Hu pH 7 | NaCoHCF,Weibull,9,38.888,47.295,23.932,25.851
Task 1,Hu pH 7 | NaFeHCF,SPI+CBU (ours),9,3.99,5.086,4.569,8.918
Task 1,Hu pH 7 | NaFeHCF,SPI+TBU,9,17.955,29.454,5.552,9.287
Task 1,Hu pH 7 | NaFeHCF,Lin,9,12.594,18.354,6.467,10.123
Task 1,Hu pH 7 | NaFeHCF,Log-Bayes,7,276.138,436.056,7.922,8.18
Task 1,Hu pH 7 | NaFeHCF,Wiener,9,15.712,17.778,1.92,2.554
Task 1,Hu pH 7 | NaFeHCF,Weibull,9,17.525,19.845,3.253,4.253
Task 1,Hu pH 7 | NaMnHCF,SPI+CBU (ours),9,1.922,2.409,3.913,8.681
Task 1,Hu pH 7 | NaMnHCF,SPI+TBU,9,12.288,14.313,3.988,8.673
Task 1,Hu pH 7 | NaMnHCF,Lin,9,16.987,20.248,5.298,9.454
Task 1,Hu pH 7 | NaMnHCF,Log-Bayes,9,298.722,508.346,3.223,3.573
Task 1,Hu pH 7 | NaMnHCF,Wiener,9,23.465,30.862,1.391,1.555
Task 1,Hu pH 7 | NaMnHCF,Weibull,9,30.34,37.716,3.25,3.53
Task 1,Hu pH 7 | NaNiHCF,SPI+CBU (ours),9,6.661,7.155,2.356,3.92
Task 1,Hu pH 7 | NaNiHCF,SPI+TBU,9,24.792,33.245,3.206,4.355
Task 1,Hu pH 7 | NaNiHCF,Lin,9,28.479,33.576,6.761,7.351
Task 1,Hu pH 7 | NaNiHCF,Log-Bayes,9,22.976,30.138,3.084,4.215
Task 1,Hu pH 7 | NaNiHCF,Wiener,9,38.923,47.706,4.103,4.338
Task 1,Hu pH 7 | NaNiHCF,Weibull,9,40.107,49.223,6.443,6.772
Task 1,Hu pH 9 | KCuHCF,SPI+CBU (ours),9,8.094,9.417,9.258,18.591
Task 1,Hu pH 9 | KCuHCF,SPI+TBU,9,40.498,49.854,13.777,19.805
Task 1,Hu pH 9 | KCuHCF,Lin,9,30.686,37.811,17.624,22.005
Task 1,Hu pH 9 | KCuHCF,Log-Bayes,9,60.239,62.275,13.915,15.7
Task 1,Hu pH 9 | KCuHCF,Wiener,9,40.889,50.526,11.495,11.81
Task 1,Hu pH 9 | KCuHCF,Weibull,9,40.889,50.526,13.304,13.508
Task 1,Hu pH 9 | KFeHCF,SPI+CBU (ours),9,7.243,8.657,5.07,10.719
Task 1,Hu pH 9 | KFeHCF,SPI+TBU,9,37.08,44.647,6.94,11.211
Task 1,Hu pH 9 | KFeHCF,Lin,9,27.445,34.518,16.184,17.925
Task 1,Hu pH 9 | KFeHCF,Log-Bayes,9,52.502,54.705,10.23,10.35
Task 1,Hu pH 9 | KFeHCF,Wiener,9,40.598,50.025,10.852,10.983
Task 1,Hu pH 9 | KFeHCF,Weibull,9,40.562,49.963,12.827,13.021
Task 1,Hu pH 9 | KMnHCF,SPI+CBU (ours),9,6.969,7.437,4.257,7.634
Task 1,Hu pH 9 | KMnHCF,SPI+TBU,9,25.968,30.218,4.661,7.594
Task 1,Hu pH 9 | KMnHCF,Lin,9,25.647,30.504,8.341,10.02
Task 1,Hu pH 9 | KMnHCF,Log-Bayes,9,66.735,158.58,2.868,4.383
Task 1,Hu pH 9 | KMnHCF,Wiener,9,36.579,43.973,4.18,4.463
Task 1,Hu pH 9 | KMnHCF,Weibull,9,39.049,47.531,10.175,10.839
Task 1,Hu pH 9 | KNiHCF,SPI+CBU (ours),9,1.222,1.4,3.276,8.202
Task 1,Hu pH 9 | KNiHCF,SPI+TBU,9,4.398,5.083,3.459,8.23
Task 1,Hu pH 9 | KNiHCF,Lin,9,6.942,8.336,4.62,8.891
Task 1,Hu pH 9 | KNiHCF,Log-Bayes,8,402.173,619.016,4.86,5.174
Task 1,Hu pH 9 | KNiHCF,Wiener,9,17.959,23.267,1.285,1.4
Task 1,Hu pH 9 | KNiHCF,Weibull,9,7.586,10.414,0.614,0.886
Task 1,Hu pH 9 | NaCoHCF,SPI+CBU (ours),9,13.476,14.697,7.435,12.595
Task 1,Hu pH 9 | NaCoHCF,SPI+TBU,9,29.421,42.488,8.893,14.076
Task 1,Hu pH 9 | NaCoHCF,Lin,9,26.939,31.587,13.73,15.538
Task 1,Hu pH 9 | NaCoHCF,Log-Bayes,8,14.381,16.608,8.55,14.371
Task 1,Hu pH 9 | NaCoHCF,Wiener,9,108.832,240.486,7.989,8.452
Task 1,Hu pH 9 | NaCoHCF,Weibull,9,103.619,239.362,11.869,12.703
Task 1,Hu pH 9 | NaFeHCF,SPI+CBU (ours),9,7.18,8.641,7.046,15.08
Task 1,Hu pH 9 | NaFeHCF,SPI+TBU,9,39.825,48.748,10.171,15.905
Task 1,Hu pH 9 | NaFeHCF,Lin,9,29.216,36.675,19.546,22.179
Task 1,Hu pH 9 | NaFeHCF,Log-Bayes,9,60.344,61.955,14.572,14.815
Task 1,Hu pH 9 | NaFeHCF,Wiener,9,40.79,50.355,12.806,12.982
Task 1,Hu pH 9 | NaFeHCF,Weibull,9,40.844,50.449,22.886,23.756
Task 1,Hu pH 9 | NaMnHCF,SPI+CBU (ours),9,6.611,8.24,5.676,10.103
Task 1,Hu pH 9 | NaMnHCF,SPI+TBU,9,25.468,31.911,5.768,10.224
Task 1,Hu pH 9 | NaMnHCF,Lin,9,16.407,17.864,6.029,10.692
Task 1,Hu pH 9 | NaMnHCF,Log-Bayes,8,1047.413,1188.626,4.129,5.377
Task 1,Hu pH 9 | NaMnHCF,Wiener,9,21.339,22.848,1.714,2.197
Task 1,Hu pH 9 | NaMnHCF,Weibull,9,22.826,24.745,2.15,2.656
Task 1,Hu pH 9 | NaNiHCF,SPI+CBU (ours),9,5.67,7.187,4.341,5.48
Task 1,Hu pH 9 | NaNiHCF,SPI+TBU,9,61.841,99.879,5.344,7.533
Task 1,Hu pH 9 | NaNiHCF,Lin,9,19.244,29.043,6.394,7.385
Task 1,Hu pH 9 | NaNiHCF,Log-Bayes,9,258.339,389.756,9.199,10.133
Task 1,Hu pH 9 | NaNiHCF,Wiener,9,22.834,30.654,4.131,4.762
Task 1,Hu pH 9 | NaNiHCF,Weibull,9,16.326,26.997,3.219,3.735
Task 1,KCl | KCuHCF,SPI+CBU (ours),9,3.628,3.986,4.47,7.558
Task 1,KCl | KCuHCF,SPI+TBU,9,26.567,29.619,4.994,7.787
Task 1,KCl | KCuHCF,Lin,9,17.811,22.839,5.844,8.664
Task 1,KCl | KCuHCF,Log-Bayes,9,108.897,144.729,3.451,4.133
Task 1,KCl | KCuHCF,Wiener,9,26.317,37.097,2.119,2.661
Task 1,KCl | KCuHCF,Weibull,9,37.789,46.681,6.474,7.121
Task 1,KCl | KFeHCF,SPI+CBU (ours),9,10.675,12.218,4.994,6.741
Task 1,KCl | KFeHCF,SPI+TBU,9,30.778,45.978,7.541,9.367
Task 1,KCl | KFeHCF,Lin,9,29.785,42.887,16.82,18.757
Task 1,KCl | KFeHCF,Log-Bayes,9,124.536,323.286,7.512,9.744
Task 1,KCl | KFeHCF,Wiener,9,35.575,42.477,10.53,11.915
Task 1,KCl | KFeHCF,Weibull,9,36.817,44.208,17.784,20.055
Task 1,KCl | KMnHCF,SPI+CBU (ours),9,4.849,4.906,8.855,17.177
Task 1,KCl | KMnHCF,SPI+TBU,9,40.796,50.366,12.566,18.187
Task 1,KCl | KMnHCF,Lin,9,33.793,40.887,17.27,20.901
Task 1,KCl | KMnHCF,Log-Bayes,9,69.556,70.462,15.088,16.254
Task 1,KCl | KMnHCF,Wiener,9,40.889,50.526,11.373,11.606
Task 1,KCl | KMnHCF,Weibull,9,40.889,50.526,144.701,166.693
Task 1,KCl | KNiHCF,SPI+CBU (ours),9,4.848,5.934,5.189,11.093
Task 1,KCl | KNiHCF,SPI+TBU,9,17.77,19.857,5.137,11.154
Task 1,KCl | KNiHCF,Lin,9,20.601,24.448,5.817,11.73
Task 1,KCl | KNiHCF,Log-Bayes,6,374.699,630.521,4.312,4.741
Task 1,KCl | KNiHCF,Wiener,9,104.199,242.93,1.29,1.431
Task 1,KCl | KNiHCF,Weibull,9,261.135,420.29,2.6,3.137
Task 1,KCl | NaCoHCF,SPI+CBU (ours),9,4.452,5.028,3.659,9.281
Task 1,KCl | NaCoHCF,SPI+TBU,9,10.689,18.705,4.588,9.514
Task 1,KCl | NaCoHCF,Lin,9,15.366,23.819,5.145,10.149
Task 1,KCl | NaCoHCF,Log-Bayes,7,776.63,1004.489,3.22,3.723
Task 1,KCl | NaCoHCF,Wiener,9,16.138,22.973,0.587,0.771
Task 1,KCl | NaCoHCF,Weibull,9,44.305,52.095,1.58,1.786
Task 1,KCl | NaFeHCF,SPI+CBU (ours),9,4.985,5.715,4.682,10.197
Task 1,KCl | NaFeHCF,SPI+TBU,6,34.697,45.237,7.099,10.771
Task 1,KCl | NaFeHCF,Lin,9,26.845,33.746,13.429,15.161
Task 1,KCl | NaFeHCF,Log-Bayes,9,48.622,51.392,7.848,8.249
Task 1,KCl | NaFeHCF,Wiener,9,40.54,49.932,8.99,9.03
Task 1,KCl | NaFeHCF,Weibull,9,40.005,49.066,7.762,7.872
Task 1,KCl | NaMnHCF,SPI+CBU (ours),9,7.924,8.829,8.545,16.73
Task 1,KCl | NaMnHCF,SPI+TBU,9,39.275,48.064,10.997,17.186
Task 1,KCl | NaMnHCF,Lin,9,28.84,35.297,15.415,18.956
Task 1,KCl | NaMnHCF,Log-Bayes,9,55.661,57.954,11.795,13.306
Task 1,KCl | NaMnHCF,Wiener,9,40.85,50.458,10.114,10.236
Task 1,KCl | NaMnHCF,Weibull,9,40.758,50.298,9.021,9.081
Task 1,KCl | NaNiHCF,SPI+CBU (ours),9,11.569,12.554,8.908,12.299
Task 1,KCl | NaNiHCF,SPI+TBU,9,28.072,40.952,10.827,13.762
Task 1,KCl | NaNiHCF,Lin,9,19.823,25.339,10.367,13.336
Task 1,KCl | NaNiHCF,Log-Bayes,7,211.348,393.711,10.476,12.619
Task 1,KCl | NaNiHCF,Wiener,9,95.809,238.278,4.714,5.273
Task 1,KCl | NaNiHCF,Weibull,9,179.035,341.233,6.719,7.966
Task 1,KHCO3 | KCuHCF,SPI+CBU (ours),9,5.66,6.303,12.129,23.49
Task 1,KHCO3 | KCuHCF,SPI+TBU,9,40.889,50.526,17.59,24.992
Task 1,KHCO3 | KCuHCF,Lin,9,34.356,41.312,17.681,24.196
Task 1,KHCO3 | KCuHCF,Log-Bayes,9,65.667,67.26,16.646,19.282
Task 1,KHCO3 | KCuHCF,Wiener,9,40.889,50.526,10.93,11.641
Task 1,KHCO3 | KCuHCF,Weibull,9,40.889,50.526,21.999,23.327
Task 1,KHCO3 | KFeHCF,SPI+CBU (ours),9,6.993,8.488,9.765,19.274
Task 1,KHCO3 | KFeHCF,SPI+TBU,9,40.599,50.026,14.359,20.539
Task 1,KHCO3 | KFeHCF,Lin,9,31.433,38.667,17.853,22.509
Task 1,KHCO3 | KFeHCF,Log-Bayes,9,61.75,63.658,14.218,16.284
Task 1,KHCO3 | KFeHCF,Wiener,9,40.889,50.526,11.592,11.946
Task 1,KHCO3 | KFeHCF,Weibull,9,40.889,50.526,13.639,13.832
Task 1,KHCO3 | KMnHCF,SPI+CBU (ours),9,5.625,6.02,5.833,11.518
Task 1,KHCO3 | KMnHCF,SPI+TBU,9,40.889,50.526,9.314,12.479
Task 1,KHCO3 | KMnHCF,Lin,9,34.837,41.503,8.795,10.69
Task 1,KHCO3 | KMnHCF,Log-Bayes,9,54.222,57.525,9.724,12.322
Task 1,KHCO3 | KMnHCF,Wiener,9,40.889,50.526,5.913,6.463
Task 1,KHCO3 | KMnHCF,Weibull,9,40.889,50.526,4.567,4.979
Task 1,KHCO3 | KNiHCF,SPI+CBU (ours),9,1.37,1.537,4.023,10.389
Task 1,KHCO3 | KNiHCF,SPI+TBU,9,9.782,11.509,4.204,10.41
Task 1,KHCO3 | KNiHCF,Lin,9,6.449,6.77,4.422,10.907
Task 1,KHCO3 | KNiHCF,Log-Bayes,6,642.912,866.922,6.622,7.237
Task 1,KHCO3 | KNiHCF,Wiener,9,9.898,13.687,0.574,0.707
Task 1,KHCO3 | KNiHCF,Weibull,9,16.014,21.372,1.731,1.883
Task 1,KHCO3 | NaCoHCF,SPI+CBU (ours),9,4.604,4.945,4.86,8.8
Task 1,KHCO3 | NaCoHCF,SPI+TBU,9,39.653,48.527,7.346,9.615
Task 1,KHCO3 | NaCoHCF,Lin,9,31.373,37.525,10.778,12.028
Task 1,KHCO3 | NaCoHCF,Log-Bayes,9,53.472,56.374,8.356,9.264
Task 1,KHCO3 | NaCoHCF,Wiener,9,40.797,50.367,7.63,7.758
Task 1,KHCO3 | NaCoHCF,Weibull,9,40.717,50.228,7.365,7.432
Task 1,KHCO3 | NaFeHCF,SPI+CBU (ours),9,5.302,5.982,7.53,16.074
Task 1,KHCO3 | NaFeHCF,SPI+TBU,9,39.389,48.055,11.006,17.014
Task 1,KHCO3 | NaFeHCF,Lin,9,28.38,35.782,20.653,23.738
Task 1,KHCO3 | NaFeHCF,Log-Bayes,9,58.241,60.079,15.829,16.279
Task 1,KHCO3 | NaFeHCF,Wiener,9,40.753,50.291,13.653,13.907
Task 1,KHCO3 | NaFeHCF,Weibull,9,40.858,50.472,21.554,21.806
Task 1,KHCO3 | NaMnHCF,SPI+CBU (ours),9,3.968,4.761,5.225,10.711
Task 1,KHCO3 | NaMnHCF,SPI+TBU,9,20.099,25.206,5.737,10.85
Task 1,KHCO3 | NaMnHCF,Lin,9,18.11,21.057,6.547,11.514
Task 1,KHCO3 | NaMnHCF,Log-Bayes,4,652.935,843.598,6.845,8.183
Task 1,KHCO3 | NaMnHCF,Wiener,9,33.413,37.272,1.548,2.091
Task 1,KHCO3 | NaMnHCF,Weibull,9,16.31,25.718,1.378,1.496
Task 1,KHCO3 | NaNiHCF,SPI+CBU (ours),9,5.122,6.387,3.913,7.293
Task 1,KHCO3 | NaNiHCF,SPI+TBU,4,50.689,59.188,7.126,8.587
Task 1,KHCO3 | NaNiHCF,Lin,9,30.21,35.754,8.6,9.53
Task 1,KHCO3 | NaNiHCF,Log-Bayes,9,41.955,47.968,6.684,8.389
Task 1,KHCO3 | NaNiHCF,Wiener,9,40.75,50.285,6.473,6.732
Task 1,KHCO3 | NaNiHCF,Weibull,9,40.729,50.248,7.05,7.355
Task 1,NH4Cl | KCuHCF,SPI+CBU (ours),9,10.303,10.743,7.205,11.03
Task 1,NH4Cl | KCuHCF,SPI+TBU,9,39.663,48.495,6.193,10.402
Task 1,NH4Cl | KCuHCF,Lin,9,39.947,48.943,7.913,11.497
Task 1,NH4Cl | KCuHCF,Log-Bayes,9,57.75,59.776,1.515,1.809
Task 1,NH4Cl | KCuHCF,Wiener,9,39.506,48.245,1.804,2.112
Task 1,NH4Cl | KCuHCF,Weibull,9,40.277,49.484,11.682,14.955
Task 1,NH4Cl | KFeHCF,SPI+CBU (ours),9,4.039,4.342,3.856,8.726
Task 1,NH4Cl | KFeHCF,SPI+TBU,9,40.889,50.526,4.247,8.761
Task 1,NH4Cl | KFeHCF,Lin,9,40.889,50.526,8.861,12.353
Task 1,NH4Cl | KFeHCF,Log-Bayes,9,99.0,99.0,6.786,6.855
Task 1,NH4Cl | KFeHCF,Wiener,9,759.111,759.691,4.837,4.912
Task 1,NH4Cl | KFeHCF,Weibull,9,560.11,619.941,1.678,2.037
Task 1,NH4Cl | KMnHCF,SPI+CBU (ours),9,6.539,7.013,6.438,13.08
Task 1,NH4Cl | KMnHCF,SPI+TBU,9,39.642,48.472,9.733,13.987
Task 1,NH4Cl | KMnHCF,Lin,9,29.04,35.98,15.671,18.032
Task 1,NH4Cl | KMnHCF,Log-Bayes,9,55.721,58.085,12.02,12.673
Task 1,NH4Cl | KMnHCF,Wiener,9,40.791,50.356,10.756,10.905
Task 1,NH4Cl | KMnHCF,Weibull,9,40.839,50.44,14.209,14.375
Task 1,NH4Cl | KNiHCF,SPI+CBU (ours),9,6.794,8.235,5.07,9.36
Task 1,NH4Cl | KNiHCF,SPI+TBU,9,40.889,50.526,5.995,9.693
Task 1,NH4Cl | KNiHCF,Lin,9,40.889,50.526,7.873,10.813
Task 1,NH4Cl | KNiHCF,Log-Bayes,9,95.556,95.585,1.877,2.051
Task 1,NH4Cl | KNiHCF,Wiener,9,40.889,50.526,1.111,1.196
Task 1,NH4Cl | KNiHCF,Weibull,9,40.889,50.526,48.317,56.354
Task 1,NH4Cl | NaCoHCF,SPI+CBU (ours),9,1.946,2.485,4.623,10.375
Task 1,NH4Cl | NaCoHCF,SPI+TBU,9,11.516,16.261,4.88,10.455
Task 1,NH4Cl | NaCoHCF,Lin,9,21.972,25.058,6.561,11.329
Task 1,NH4Cl | NaCoHCF,Log-Bayes,4,909.404,1031.891,8.214,8.578
Task 1,NH4Cl | NaCoHCF,Wiener,9,284.272,424.885,2.552,2.994
Task 1,NH4Cl | NaCoHCF,Weibull,9,559.242,616.215,6.571,7.203
Task 1,NH4Cl | NaFeHCF,SPI+CBU (ours),9,4.449,5.27,4.905,9.657
Task 1,NH4Cl | NaFeHCF,SPI+TBU,9,10.677,13.263,5.45,9.855
Task 1,NH4Cl | NaFeHCF,Lin,9,10.181,11.634,6.04,10.557
Task 1,NH4Cl | NaFeHCF,Log-Bayes,8,376.728,642.918,6.467,6.704
Task 1,NH4Cl | NaFeHCF,Wiener,9,17.873,20.372,2.009,2.625
Task 1,NH4Cl | NaFeHCF,Weibull,9,31.728,37.749,6.721,7.951
Task 1,NH4Cl | NaMnHCF,SPI+CBU (ours),9,7.526,8.335,8.487,17.751
Task 1,NH4Cl | NaMnHCF,SPI+TBU,9,40.468,49.803,13.465,19.083
Task 1,NH4Cl | NaMnHCF,Lin,9,30.452,37.95,17.605,21.619
Task 1,NH4Cl | NaMnHCF,Log-Bayes,9,60.895,62.819,14.473,15.837
Task 1,NH4Cl | NaMnHCF,Wiener,9,40.889,50.526,11.611,11.936
Task 1,NH4Cl | NaMnHCF,Weibull,9,40.889,50.526,14.785,15.017
Task 1,NH4Cl | NaNiHCF,SPI+CBU (ours),9,10.051,10.732,2.589,4.319
Task 1,NH4Cl | NaNiHCF,SPI+TBU,8,35.78,43.147,4.802,5.301
Task 1,NH4Cl | NaNiHCF,Lin,9,27.816,34.974,11.123,12.752
Task 1,NH4Cl | NaNiHCF,Log-Bayes,9,45.522,48.078,9.402,11.154
Task 1,NH4Cl | NaNiHCF,Wiener,9,40.314,49.545,8.143,8.766
Task 1,NH4Cl | NaNiHCF,Weibull,9,40.714,50.223,20.462,21.238
Task 1,NaCl | KCuHCF,SPI+CBU (ours),9,7.51,7.999,2.904,4.789
Task 1,NaCl | KCuHCF,SPI+TBU,9,20.838,24.329,3.491,5.819
Task 1,NaCl | KCuHCF,Lin,9,27.153,31.995,12.939,15.295
Task 1,NaCl | KCuHCF,Log-Bayes,9,41.052,63.023,6.913,10.058
Task 1,NaCl | KCuHCF,Wiener,9,38.054,46.087,9.47,9.976
Task 1,NaCl | KCuHCF,Weibull,9,40.232,49.41,25.687,27.07
Task 1,NaCl | KFeHCF,SPI+CBU (ours),9,12.061,12.878,4.286,7.741
Task 1,NaCl | KFeHCF,SPI+TBU,9,31.733,44.464,6.296,9.604
Task 1,NaCl | KFeHCF,Lin,9,29.972,38.86,17.898,21.478
Task 1,NaCl | KFeHCF,Log-Bayes,9,61.999,113.125,10.397,13.378
Task 1,NaCl | KFeHCF,Wiener,9,37.952,45.879,12.725,13.735
Task 1,NaCl | KFeHCF,Weibull,9,40.587,50.005,49.149,50.516
Task 1,NaCl | KMnHCF,SPI+CBU (ours),9,11.203,12.457,6.362,9.582
Task 1,NaCl | KMnHCF,SPI+TBU,9,33.167,43.789,9.602,11.749
Task 1,NaCl | KMnHCF,Lin,9,29.707,37.012,19.689,21.967
Task 1,NaCl | KMnHCF,Log-Bayes,9,88.764,182.23,11.103,12.681
Task 1,NaCl | KMnHCF,Wiener,9,37.487,45.158,11.781,13.621
Task 1,NaCl | KMnHCF,Weibull,9,38.668,46.943,22.697,25.666
Task 1,NaCl | KNiHCF,SPI+CBU (ours),9,4.634,4.83,3.298,6.661
Task 1,NaCl | KNiHCF,SPI+TBU,9,27.12,33.8,3.942,6.801
Task 1,NaCl | KNiHCF,Lin,9,30.18,35.326,6.457,8.36
Task 1,NaCl | KNiHCF,Log-Bayes,9,14.368,16.509,1.895,2.751
Task 1,NaCl | KNiHCF,Wiener,9,36.709,45.172,2.662,2.826
Task 1,NaCl | KNiHCF,Weibull,9,39.964,49.028,5.396,5.591
Task 1,NaCl | NaCoHCF,SPI+CBU (ours),9,2.94,3.557,4.442,9.786
Task 1,NaCl | NaCoHCF,SPI+TBU,9,10.641,11.636,4.691,9.861
Task 1,NaCl | NaCoHCF,Lin,9,3.777,4.569,4.613,10.284
Task 1,NaCl | NaCoHCF,Log-Bayes,7,677.935,911.271,5.956,6.6
Task 1,NaCl | NaCoHCF,Wiener,9,7.991,10.968,0.963,1.111
Task 1,NaCl | NaCoHCF,Weibull,9,25.88,33.868,3.353,3.695
Task 1,NaCl | NaFeHCF,SPI+CBU (ours),9,7.564,10.534,7.355,10.74
Task 1,NaCl | NaFeHCF,SPI+TBU,9,31.946,55.757,10.16,13.238
Task 1,NaCl | NaFeHCF,Lin,9,26.111,41.955,11.988,14.301
Task 1,NaCl | NaFeHCF,Log-Bayes,8,280.765,516.387,11.71,13.079
Task 1,NaCl | NaFeHCF,Wiener,9,98.711,238.566,5.422,6.197
Task 1,NaCl | NaFeHCF,Weibull,9,103.812,240.336,10.664,12.128
Task 1,NaCl | NaMnHCF,SPI+CBU (ours),9,11.571,12.474,5.961,11.717
Task 1,NaCl | NaMnHCF,SPI+TBU,9,35.296,42.153,7.631,11.509
Task 1,NaCl | NaMnHCF,Lin,9,30.312,35.776,20.963,22.98
Task 1,NaCl | NaMnHCF,Log-Bayes,9,52.74,54.24,13.915,15.636
Task 1,NaCl | NaMnHCF,Wiener,9,40.414,49.712,13.755,14.355
Task 1,NaCl | NaMnHCF,Weibull,9,40.622,50.066,24.995,25.762
Task 1,NaCl | NaNiHCF,SPI+CBU (ours),9,5.201,5.538,4.205,8.563
Task 1,NaCl | NaNiHCF,SPI+TBU,9,17.978,22.85,4.46,8.555
Task 1,NaCl | NaNiHCF,Lin,9,24.857,28.833,7.176,9.993
Task 1,NaCl | NaNiHCF,Log-Bayes,9,142.791,369.926,2.003,2.959
Task 1,NaCl | NaNiHCF,Wiener,9,33.402,40.074,2.712,2.991
Task 1,NaCl | NaNiHCF,Weibull,9,36.903,44.438,5.404,5.892
Task 1,Shu | KCuHCF,SPI+CBU (ours),9,5.303,5.722,12.196,24.576
Task 1,Shu | KCuHCF,SPI+TBU,9,40.889,50.526,18.531,26.091
Task 1,Shu | KCuHCF,Lin,9,36.079,43.398,15.668,23.425
Task 1,Shu | KCuHCF,Log-Bayes,9,66.889,68.424,16.392,19.662
Task 1,Shu | KCuHCF,Wiener,9,40.889,50.526,8.759,9.846
Task 1,Shu | KCuHCF,Weibull,9,40.889,50.526,21.618,23.342
Task 1,Shu | KFeHCF,SPI+CBU (ours),9,8.027,8.827,5.354,11.247
Task 1,Shu | KFeHCF,SPI+TBU,9,36.43,43.834,7.396,11.741
Task 1,Shu | KFeHCF,Lin,9,27.132,34.069,15.821,17.699
Task 1,Shu | KFeHCF,Log-Bayes,9,51.196,53.646,9.598,9.897
Task 1,Shu | KFeHCF,Wiener,9,40.605,50.037,10.693,10.771
Task 1,Shu | KFeHCF,Weibull,9,40.541,49.927,11.836,11.953
Task 1,Shu | KMnHCF,SPI+CBU (ours),9,4.649,5.201,1.886,3.217
Task 1,Shu | KMnHCF,SPI+TBU,9,13.149,16.447,2.284,3.401
Task 1,Shu | KMnHCF,Lin,9,20.876,24.543,6.287,6.934
Task 1,Shu | KMnHCF,Log-Bayes,9,9.268,14.999,1.171,1.538
Task 1,Shu | KMnHCF,Wiener,9,35.098,42.604,4.316,4.45
Task 1,Shu | KMnHCF,Weibull,9,29.654,36.116,2.925,3.057
Task 1,Shu | KNiHCF,SPI+CBU (ours),9,2.777,3.223,3.177,6.215
Task 1,Shu | KNiHCF,SPI+TBU,9,9.529,16.592,3.627,6.444
Task 1,Shu | KNiHCF,Lin,9,15.175,19.268,7.372,8.987
Task 1,Shu | KNiHCF,Log-Bayes,9,236.228,467.397,5.387,5.582
Task 1,Shu | KNiHCF,Wiener,9,28.569,34.461,3.754,4.106
Task 1,Shu | KNiHCF,Weibull,9,34.548,41.83,8.273,8.748
Task 1,Shu | NaCoHCF,SPI+CBU (ours),9,5.283,5.68,4.269,7.979
Task 1,Shu | NaCoHCF,SPI+TBU,9,30.989,36.358,5.098,8.317
Task 1,Shu | NaCoHCF,Lin,9,28.79,35.941,6.165,9.296
Task 1,Shu | NaCoHCF,Log-Bayes,9,45.14,52.71,1.895,2.211
Task 1,Shu | NaCoHCF,Wiener,9,29.948,41.252,1.735,2.144
Task 1,Shu | NaCoHCF,Weibull,9,31.217,42.217,2.36,2.838
Task 1,Shu | NaFeHCF,SPI+CBU (ours),9,12.343,13.876,14.282,16.507
Task 1,Shu | NaFeHCF,SPI+TBU,9,38.041,58.671,14.038,16.239
Task 1,Shu | NaFeHCF,Lin,9,31.132,44.069,17.107,18.883
Task 1,Shu | NaFeHCF,Log-Bayes,8,203.586,484.253,10.686,14.465
Task 1,Shu | NaFeHCF,Wiener,9,102.868,239.195,8.342,9.983
Task 1,Shu | NaFeHCF,Weibull,9,98.694,238.79,15.811,18.619
Task 1,Shu | NaMnHCF,SPI+CBU (ours),9,6.624,7.252,8.239,14.258
Task 1,Shu | NaMnHCF,SPI+TBU,9,40.889,50.526,12.784,15.953
Task 1,Shu | NaMnHCF,Lin,9,35.008,42.02,12.634,14.85
Task 1,Shu | NaMnHCF,Log-Bayes,9,62.889,64.963,12.911,15.461
Task 1,Shu | NaMnHCF,Wiener,9,40.889,50.526,9.005,9.802
Task 1,Shu | NaMnHCF,Weibull,9,40.889,50.526,7.894,8.594
Task 1,Shu | NaNiHCF,SPI+CBU (ours),9,1.949,2.229,4.407,11.142
Task 1,Shu | NaNiHCF,SPI+TBU,9,3.549,4.691,4.654,11.17
Task 1,Shu | NaNiHCF,Lin,9,5.475,9.312,4.959,11.728
Task 1,Shu | NaNiHCF,Log-Bayes,5,413.092,573.767,5.573,6.099
Task 1,Shu | NaNiHCF,Wiener,9,54.172,113.028,0.655,0.884
Task 1,Shu | NaNiHCF,Weibull,9,28.792,53.879,1.97,2.608
Task 2,Hu pH 7 | KNiHCF,SPI+CBU (ours),5,4.58,6.521,1.305,1.536
Task 2,Hu pH 7 | KNiHCF,SPI+TBU,5,4.723,6.668,1.376,1.57
Task 2,Hu pH 7 | KNiHCF,Lin,5,7.083,9.09,1.364,1.65
Task 2,Hu pH 7 | KNiHCF,Log-Bayes,5,290.096,337.946,2.83,3.192
Task 2,Hu pH 7 | KNiHCF,Wiener,5,14.458,23.78,0.411,0.573
Task 2,Hu pH 7 | KNiHCF,Weibull,5,2.92,3.163,0.741,0.806
Task 2,Hu pH 7 | NaMnHCF,SPI+CBU (ours),5,3.387,5.389,1.778,2.322
Task 2,Hu pH 7 | NaMnHCF,SPI+TBU,5,8.651,10.352,2.562,2.931
Task 2,Hu pH 7 | NaMnHCF,Lin,5,7.387,8.862,3.127,3.489
Task 2,Hu pH 7 | NaMnHCF,Log-Bayes,5,101.832,193.571,1.141,1.274
Task 2,Hu pH 7 | NaMnHCF,Wiener,5,11.245,13.813,1.634,1.967
Task 2,Hu pH 7 | NaMnHCF,Weibull,5,11.53,14.217,2.537,3.141
Task 2,Hu pH 9 | NaMnHCF,SPI+CBU (ours),6,9.668,11.641,1.424,1.651
Task 2,Hu pH 9 | NaMnHCF,SPI+TBU,6,10.482,12.955,1.559,1.758
Task 2,Hu pH 9 | NaMnHCF,Lin,6,11.423,13.662,1.899,2.121
Task 2,Hu pH 9 | NaMnHCF,Log-Bayes,6,250.261,330.277,1.509,1.682
Task 2,Hu pH 9 | NaMnHCF,Wiener,6,12.315,15.295,0.778,0.987
Task 2,Hu pH 9 | NaMnHCF,Weibull,6,14.141,16.184,1.236,1.42
Task 2,KCl | NaCoHCF,SPI+CBU (ours),8,7.104,12.23,1.015,1.469
Task 2,KCl | NaCoHCF,SPI+TBU,8,17.181,23.215,1.345,1.6
Task 2,KCl | NaCoHCF,Lin,8,11.86,14.639,1.322,1.605
Task 2,KCl | NaCoHCF,Log-Bayes,8,519.588,587.018,2.44,2.978
Task 2,KCl | NaCoHCF,Wiener,8,12.77,15.698,0.572,0.677
Task 2,KCl | NaCoHCF,Weibull,8,53.482,59.716,1.517,1.829
Task 2,KHCO3 | KNiHCF,SPI+CBU (ours),5,4.333,6.252,1.273,1.532
Task 2,KHCO3 | KNiHCF,SPI+TBU,5,4.911,6.877,1.376,1.57
Task 2,KHCO3 | KNiHCF,Lin,5,7.212,9.28,1.364,1.65
Task 2,KHCO3 | KNiHCF,Log-Bayes,5,290.096,337.946,2.83,3.192
Task 2,KHCO3 | KNiHCF,Wiener,5,14.458,23.78,0.411,0.573
Task 2,KHCO3 | KNiHCF,Weibull,5,2.92,3.163,0.741,0.806
Task 2,KHCO3 | NaMnHCF,SPI+CBU (ours),6,9.413,11.223,2.126,2.401
Task 2,KHCO3 | NaMnHCF,SPI+TBU,6,9.993,12.079,2.088,2.431
Task 2,KHCO3 | NaMnHCF,Lin,6,14.202,15.887,2.27,2.639
Task 2,KHCO3 | NaMnHCF,Log-Bayes,6,437.385,465.233,3.154,4.051
Task 2,KHCO3 | NaMnHCF,Wiener,6,28.085,32.784,1.067,1.682
Task 2,KHCO3 | NaMnHCF,Weibull,6,8.031,10.528,1.012,1.112
Task 2,NH4Cl | NaCoHCF,SPI+CBU (ours),5,5.821,7.255,3.161,3.951
Task 2,NH4Cl | NaCoHCF,SPI+TBU,5,152.184,214.668,4.58,5.095
Task 2,NH4Cl | NaCoHCF,Lin,5,98.869,111.044,3.511,4.057
Task 2,NH4Cl | NaCoHCF,Log-Bayes,5,534.278,534.644,3.534,4.192
Task 2,NH4Cl | NaCoHCF,Wiener,5,345.791,407.94,2.639,3.083
Task 2,NH4Cl | NaCoHCF,Weibull,5,534.278,534.644,4.84,5.586
Task 2,NaCl | NaCoHCF,SPI+CBU (ours),5,5.277,7.288,1.009,1.428
Task 2,NaCl | NaCoHCF,SPI+TBU,5,4.546,7.185,1.159,1.489
Task 2,NaCl | NaCoHCF,Lin,5,4.751,8.134,0.951,1.461
Task 2,NaCl | NaCoHCF,Log-Bayes,5,191.904,248.833,2.396,2.646
Task 2,NaCl | NaCoHCF,Wiener,5,4.688,6.613,0.334,0.555
Task 2,NaCl | NaCoHCF,Weibull,5,9.183,11.54,2.053,2.418
Task 2,Shu | NaCoHCF,SPI+CBU (ours),7,13.501,15.872,1.993,2.689
Task 2,Shu | NaCoHCF,SPI+TBU,7,32.127,32.853,2.68,3.231
Task 2,Shu | NaCoHCF,Lin,7,22.001,27.047,4.412,4.777
Task 2,Shu | NaCoHCF,Log-Bayes,7,22.992,39.241,0.82,0.902
Task 2,Shu | NaCoHCF,Wiener,7,27.765,34.811,1.821,2.099
Task 2,Shu | NaCoHCF,Weibull,7,26.988,33.382,2.102,2.44
Task 2,Shu | NaNiHCF,SPI+CBU (ours),6,2.946,3.911,1.402,2.089
Task 2,Shu | NaNiHCF,SPI+TBU,6,3.686,5.173,1.466,2.126
Task 2,Shu | NaNiHCF,Lin,6,13.736,17.432,2.586,2.881
Task 2,Shu | NaNiHCF,Log-Bayes,6,444.543,486.227,3.407,4.046
Task 2,Shu | NaNiHCF,Wiener,6,97.485,174.564,1.023,1.157
Task 2,Shu | NaNiHCF,Weibull,6,110.752,231.584,1.078,1.357
Task 3 KCoHCF,87% rep 1,SPI+CBU (ours),25,167.423,175.356,0.431,0.729
Task 3 KCoHCF,87% rep 1,SPI+TBU,25,964.903,1197.185,0.841,1.099
Task 3 KCoHCF,87% rep 1,Lin,25,1126.089,1308.721,1.211,1.536
Task 3 KCoHCF,87% rep 1,Log-Bayes,25,22889.546,40782.008,1.108,1.484
Task 3 KCoHCF,87% rep 1,Wiener,25,4372.843,15547.898,1.582,1.904
Task 3 KCoHCF,87% rep 1,Weibull,25,7335.195,21963.428,2.336,2.755
Task 3 KCoHCF,87% rep 2,SPI+CBU (ours),24,211.828,228.352,0.291,0.483
Task 3 KCoHCF,87% rep 2,SPI+TBU,24,1153.951,1424.139,0.469,0.61
Task 3 KCoHCF,87% rep 2,Lin,24,1553.297,1751.115,0.998,1.162
Task 3 KCoHCF,87% rep 2,Log-Bayes,24,10006.96,25842.829,0.566,0.691
Task 3 KCoHCF,87% rep 2,Wiener,24,2010.706,2301.992,1.505,1.636
Task 3 KCoHCF,87% rep 2,Weibull,24,1859.348,2172.996,2.378,2.606
Task 3 KCoHCF,87% rep 3,SPI+CBU (ours),25,248.942,274.799,0.251,0.374
Task 3 KCoHCF,87% rep 3,SPI+TBU,25,1237.515,1487.502,0.477,0.566
Task 3 KCoHCF,87% rep 3,Lin,25,1504.412,1709.388,0.97,1.12
Task 3 KCoHCF,87% rep 3,Log-Bayes,25,15580.902,33925.329,0.675,0.843
Task 3 KCoHCF,87% rep 3,Wiener,25,1874.719,2164.141,1.444,1.656
Task 3 KCoHCF,87% rep 3,Weibull,25,1870.882,2218.312,1.897,2.292
Task 3 KCoHCF,90% rep 1,SPI+CBU (ours),24,31.282,52.479,0.259,0.32
Task 3 KCoHCF,90% rep 1,SPI+TBU,24,164.357,203.005,0.289,0.361
Task 3 KCoHCF,90% rep 1,Lin,24,203.298,238.117,0.382,0.483
Task 3 KCoHCF,90% rep 1,Log-Bayes,24,22830.869,23951.586,1.388,1.681
Task 3 KCoHCF,90% rep 1,Wiener,24,3708.535,9247.749,0.357,0.464
Task 3 KCoHCF,90% rep 1,Weibull,24,8424.833,13628.979,1.131,1.284
Task 3 KCoHCF,90% rep 2,SPI+CBU (ours),25,101.036,109.392,0.215,0.382
Task 3 KCoHCF,90% rep 2,SPI+TBU,25,120.479,135.631,0.356,0.499
Task 3 KCoHCF,90% rep 2,Lin,25,146.651,188.865,0.422,0.541
Task 3 KCoHCF,90% rep 2,Log-Bayes,25,9346.469,13141.436,0.906,0.937
Task 3 KCoHCF,90% rep 2,Wiener,25,1201.178,4614.103,0.564,0.623
Task 3 KCoHCF,90% rep 2,Weibull,25,2426.704,6768.744,0.883,0.942
Task 3 KCoHCF,90% rep 3,SPI+CBU (ours),24,65.966,90.664,0.209,0.253
Task 3 KCoHCF,90% rep 3,SPI+TBU,24,102.208,132.398,0.21,0.258
Task 3 KCoHCF,90% rep 3,Lin,24,130.22,172.751,0.229,0.279
Task 3 KCoHCF,90% rep 3,Log-Bayes,24,14893.821,18361.59,1.025,1.092
Task 3 KCoHCF,90% rep 3,Wiener,24,1313.611,5405.982,0.313,0.348
Task 3 KCoHCF,90% rep 3,Weibull,24,2704.718,7852.255,0.307,0.382
Task 3 Urea,86% rep 1,SPI+CBU (ours),26,8.015,9.037,0.448,0.596
Task 3 Urea,86% rep 1,SPI+TBU,26,46.395,54.197,0.538,0.649
Task 3 Urea,86% rep 1,Lin,26,56.124,63.065,1.021,1.165
Task 3 Urea,86% rep 1,Log-Bayes,26,867.502,1729.444,0.749,0.958
Task 3 Urea,86% rep 1,Wiener,26,68.082,76.266,1.318,1.622
Task 3 Urea,86% rep 1,Weibull,26,71.101,80.679,2.474,3.083
Task 3 Urea,86% rep 2,SPI+CBU (ours),26,27.549,31.268,0.555,0.653
Task 3 Urea,86% rep 2,SPI+TBU,26,27.446,35.732,0.58,0.706
Task 3 Urea,86% rep 2,Lin,26,37.766,45.859,1.083,1.239
Task 3 Urea,86% rep 2,Log-Bayes,26,767.867,1510.921,0.769,0.964
Task 3 Urea,86% rep 2,Wiener,26,57.46,64.379,1.266,1.585
Task 3 Urea,86% rep 2,Weibull,26,59.517,67.462,2.333,2.945
Task 3 Urea,86% rep 3,SPI+CBU (ours),25,21.774,24.929,0.357,0.455
Task 3 Urea,86% rep 3,SPI+TBU,25,70.74,82.403,0.601,0.697
Task 3 Urea,86% rep 3,Lin,25,81.263,90.897,1.053,1.2
Task 3 Urea,86% rep 3,Log-Bayes,25,940.529,1960.369,0.717,0.937
Task 3 Urea,86% rep 3,Wiener,25,86.879,97.65,1.438,1.725
Task 3 Urea,86% rep 3,Weibull,25,91.46,103.633,2.777,3.386
Task 3 Urea,90% rep 1,SPI+CBU (ours),25,1.075,1.454,0.097,0.124
Task 3 Urea,90% rep 1,SPI+TBU,25,4.603,5.173,0.139,0.172
Task 3 Urea,90% rep 1,Lin,25,3.109,3.658,0.189,0.21
Task 3 Urea,90% rep 1,Log-Bayes,24,757.707,973.523,1.114,1.268
Task 3 Urea,90% rep 1,Wiener,24,7.576,11.132,0.18,0.215
Task 3 Urea,90% rep 1,Weibull,24,8.479,13.096,0.279,0.362
Task 3 Urea,90% rep 2,SPI+CBU (ours),23,5.959,6.167,0.175,0.218
Task 3 Urea,90% rep 2,SPI+TBU,23,5.075,5.635,0.185,0.217
Task 3 Urea,90% rep 2,Lin,23,5.094,5.815,0.2,0.236
Task 3 Urea,90% rep 2,Log-Bayes,22,646.984,854.224,1.099,1.239
Task 3 Urea,90% rep 2,Wiener,22,6.925,9.905,0.178,0.222
Task 3 Urea,90% rep 2,Weibull,22,8.79,13.479,0.29,0.389
Task 3 Urea,90% rep 3,SPI+CBU (ours),27,5.825,6.375,0.133,0.16
Task 3 Urea,90% rep 3,SPI+TBU,27,5.793,7.097,0.203,0.232
Task 3 Urea,90% rep 3,Lin,27,5.153,6.18,0.226,0.253
Task 3 Urea,90% rep 3,Log-Bayes,26,886.814,1108.105,1.157,1.339
Task 3 Urea,90% rep 3,Wiener,26,10.037,14.509,0.174,0.221
Task 3 Urea,90% rep 3,Weibull,26,7.853,12.88,0.255,0.315
